"sample_id","title","dataset","platform_id","assay","specimen_class","eligible_primary_tumor","survival_in_geo_series_matrix"
"GSM1843893","54018-BXPC3-CellLine","GSE71729","GPL20769","Agilent-014850 Whole Human Genome Microarray 4x44K G4112F","cell_line",FALSE,FALSE
"GSM1843894","54276-Capan1-CellLine","GSE71729","GPL20769","Agilent-014850 Whole Human Genome Microarray 4x44K G4112F","cell_line",FALSE,FALSE
"GSM1843895","54277-Capan2-CellLine","GSE71729","GPL20769","Agilent-014850 Whole Human Genome Microarray 4x44K G4112F","cell_line",FALSE,FALSE
"GSM1843896","54019-CFPAC-CellLine","GSE71729","GPL20769","Agilent-014850 Whole Human Genome Microarray 4x44K G4112F","cell_line",FALSE,FALSE
"GSM1843897","54023-HPAC-CellLine","GSE71729","GPL20769","Agilent-014850 Whole Human Genome Microarray 4x44K G4112F","cell_line",FALSE,FALSE
"GSM1843898","54246-HPAFII-CellLine","GSE71729","GPL20769","Agilent-014850 Whole Human Genome Microarray 4x44K G4112F","cell_line",FALSE,FALSE
"GSM1843899","54278-Hs766T-CellLine","GSE71729","GPL20769","Agilent-014850 Whole Human Genome Microarray 4x44K G4112F","cell_line",FALSE,FALSE
"GSM1843900","51251-HUPT3-CellLine","GSE71729","GPL20769","Agilent-014850 Whole Human Genome Microarray 4x44K G4112F","cell_line",FALSE,FALSE
"GSM1843901","53841-Met-LymphNode","GSE71729","GPL20769","Agilent-014850 Whole Human Genome Microarray 4x44K G4112F","metastasis",FALSE,FALSE
"GSM1843902","49083-Met-Diaphragm","GSE71729","GPL20769","Agilent-014850 Whole Human Genome Microarray 4x44K G4112F","metastasis",FALSE,FALSE
"GSM1843903","53844-Met-Fat","GSE71729","GPL20769","Agilent-014850 Whole Human Genome Microarray 4x44K G4112F","metastasis",FALSE,FALSE
"GSM1843904","49085-Met-Liver","GSE71729","GPL20769","Agilent-014850 Whole Human Genome Microarray 4x44K G4112F","metastasis",FALSE,FALSE
"GSM1843905","49086-Met-Liver","GSE71729","GPL20769","Agilent-014850 Whole Human Genome Microarray 4x44K G4112F","metastasis",FALSE,FALSE
"GSM1843906","53846-Met-Lung","GSE71729","GPL20769","Agilent-014850 Whole Human Genome Microarray 4x44K G4112F","metastasis",FALSE,FALSE
"GSM1843907","53847-Met-Lung","GSE71729","GPL20769","Agilent-014850 Whole Human Genome Microarray 4x44K G4112F","metastasis",FALSE,FALSE
"GSM1843908","49084-Met-Colon","GSE71729","GPL20769","Agilent-014850 Whole Human Genome Microarray 4x44K G4112F","metastasis",FALSE,FALSE
"GSM1843909","49396-Met-Peritoneal","GSE71729","GPL20769","Agilent-014850 Whole Human Genome Microarray 4x44K G4112F","metastasis",FALSE,FALSE
"GSM1843910","49359-Met-AbWall","GSE71729","GPL20769","Agilent-014850 Whole Human Genome Microarray 4x44K G4112F","metastasis",FALSE,FALSE
"GSM1843911","48574-Met-AbWall","GSE71729","GPL20769","Agilent-014850 Whole Human Genome Microarray 4x44K G4112F","metastasis",FALSE,FALSE
"GSM1843912","48586-Met-Lung","GSE71729","GPL20769","Agilent-014850 Whole Human Genome Microarray 4x44K G4112F","metastasis",FALSE,FALSE
"GSM1843913","49362-Met-LymphNode","GSE71729","GPL20769","Agilent-014850 Whole Human Genome Microarray 4x44K G4112F","metastasis",FALSE,FALSE
"GSM1843914","49363-Met-LymphNode","GSE71729","GPL20769","Agilent-014850 Whole Human Genome Microarray 4x44K G4112F","metastasis",FALSE,FALSE
"GSM1843915","48584-Met-Liver","GSE71729","GPL20769","Agilent-014850 Whole Human Genome Microarray 4x44K G4112F","metastasis",FALSE,FALSE
"GSM1843916","49364-Met-LymphNode","GSE71729","GPL20769","Agilent-014850 Whole Human Genome Microarray 4x44K G4112F","metastasis",FALSE,FALSE
"GSM1843917","48581-Met-LymphNode","GSE71729","GPL20769","Agilent-014850 Whole Human Genome Microarray 4x44K G4112F","metastasis",FALSE,FALSE
"GSM1843918","53863-Met-Peritoneal","GSE71729","GPL20769","Agilent-014850 Whole Human Genome Microarray 4x44K G4112F","metastasis",FALSE,FALSE
"GSM1843919","48577-Met-Fat","GSE71729","GPL20769","Agilent-014850 Whole Human Genome Microarray 4x44K G4112F","metastasis",FALSE,FALSE
"GSM1843920","48613-Met-Colon","GSE71729","GPL20769","Agilent-014850 Whole Human Genome Microarray 4x44K G4112F","metastasis",FALSE,FALSE
"GSM1843921","49370-Met-Liver","GSE71729","GPL20769","Agilent-014850 Whole Human Genome Microarray 4x44K G4112F","metastasis",FALSE,FALSE
"GSM1843922","48591-Met-Liver","GSE71729","GPL20769","Agilent-014850 Whole Human Genome Microarray 4x44K G4112F","metastasis",FALSE,FALSE
"GSM1843923","49376-Met-Liver","GSE71729","GPL20769","Agilent-014850 Whole Human Genome Microarray 4x44K G4112F","metastasis",FALSE,FALSE
"GSM1843924","49375-Met-Liver","GSE71729","GPL20769","Agilent-014850 Whole Human Genome Microarray 4x44K G4112F","metastasis",FALSE,FALSE
"GSM1843925","49381-Met-Duo","GSE71729","GPL20769","Agilent-014850 Whole Human Genome Microarray 4x44K G4112F","metastasis",FALSE,FALSE
"GSM1843926","48639-Met-Peritoneal","GSE71729","GPL20769","Agilent-014850 Whole Human Genome Microarray 4x44K G4112F","metastasis",FALSE,FALSE
"GSM1843927","49382-Met-Peritoneal","GSE71729","GPL20769","Agilent-014850 Whole Human Genome Microarray 4x44K G4112F","metastasis",FALSE,FALSE
"GSM1843928","48648-Met-Liver","GSE71729","GPL20769","Agilent-014850 Whole Human Genome Microarray 4x44K G4112F","metastasis",FALSE,FALSE
"GSM1843929","48638-Met-Diaphragm","GSE71729","GPL20769","Agilent-014850 Whole Human Genome Microarray 4x44K G4112F","metastasis",FALSE,FALSE
"GSM1843930","48652-Met-Liver","GSE71729","GPL20769","Agilent-014850 Whole Human Genome Microarray 4x44K G4112F","metastasis",FALSE,FALSE
"GSM1843931","49385-Met-Diaphragm","GSE71729","GPL20769","Agilent-014850 Whole Human Genome Microarray 4x44K G4112F","metastasis",FALSE,FALSE
"GSM1843932","48653-Met-LymphNode","GSE71729","GPL20769","Agilent-014850 Whole Human Genome Microarray 4x44K G4112F","metastasis",FALSE,FALSE
"GSM1843933","49386-Met-Lung","GSE71729","GPL20769","Agilent-014850 Whole Human Genome Microarray 4x44K G4112F","metastasis",FALSE,FALSE
"GSM1843934","53836-Met-Lung","GSE71729","GPL20769","Agilent-014850 Whole Human Genome Microarray 4x44K G4112F","metastasis",FALSE,FALSE
"GSM1843935","48659-Met-Liver","GSE71729","GPL20769","Agilent-014850 Whole Human Genome Microarray 4x44K G4112F","metastasis",FALSE,FALSE
"GSM1843936","49066-Met-Liver","GSE71729","GPL20769","Agilent-014850 Whole Human Genome Microarray 4x44K G4112F","metastasis",FALSE,FALSE
"GSM1843937","49065-Met-Liver","GSE71729","GPL20769","Agilent-014850 Whole Human Genome Microarray 4x44K G4112F","metastasis",FALSE,FALSE
"GSM1843938","49076-Met-Lung","GSE71729","GPL20769","Agilent-014850 Whole Human Genome Microarray 4x44K G4112F","metastasis",FALSE,FALSE
"GSM1843939","49068-Met-Lung","GSE71729","GPL20769","Agilent-014850 Whole Human Genome Microarray 4x44K G4112F","metastasis",FALSE,FALSE
"GSM1843940","49067-Met-LymphNode","GSE71729","GPL20769","Agilent-014850 Whole Human Genome Microarray 4x44K G4112F","metastasis",FALSE,FALSE
"GSM1843941","56323-Met-Lung","GSE71729","GPL20769","Agilent-014850 Whole Human Genome Microarray 4x44K G4112F","metastasis",FALSE,FALSE
"GSM1843942","56324-Met-LymphNode","GSE71729","GPL20769","Agilent-014850 Whole Human Genome Microarray 4x44K G4112F","metastasis",FALSE,FALSE
"GSM1843943","56325-Met-Liver","GSE71729","GPL20769","Agilent-014850 Whole Human Genome Microarray 4x44K G4112F","metastasis",FALSE,FALSE
"GSM1843944","56327-Met-Liver","GSE71729","GPL20769","Agilent-014850 Whole Human Genome Microarray 4x44K G4112F","metastasis",FALSE,FALSE
"GSM1843945","56376-Met-LymphNode","GSE71729","GPL20769","Agilent-014850 Whole Human Genome Microarray 4x44K G4112F","metastasis",FALSE,FALSE
"GSM1843946","56378-Met-Liver","GSE71729","GPL20769","Agilent-014850 Whole Human Genome Microarray 4x44K G4112F","metastasis",FALSE,FALSE
"GSM1843947","56543-Met-Liver","GSE71729","GPL20769","Agilent-014850 Whole Human Genome Microarray 4x44K G4112F","metastasis",FALSE,FALSE
"GSM1843948","56329-Met-Liver","GSE71729","GPL20769","Agilent-014850 Whole Human Genome Microarray 4x44K G4112F","metastasis",FALSE,FALSE
"GSM1843949","56380-Met-AbWall","GSE71729","GPL20769","Agilent-014850 Whole Human Genome Microarray 4x44K G4112F","metastasis",FALSE,FALSE
"GSM1843950","56381-Met-Peritoneal","GSE71729","GPL20769","Agilent-014850 Whole Human Genome Microarray 4x44K G4112F","metastasis",FALSE,FALSE
"GSM1843951","56521-Met-Liver","GSE71729","GPL20769","Agilent-014850 Whole Human Genome Microarray 4x44K G4112F","metastasis",FALSE,FALSE
"GSM1843952","56532-Met-Liver","GSE71729","GPL20769","Agilent-014850 Whole Human Genome Microarray 4x44K G4112F","metastasis",FALSE,FALSE
"GSM1843953","56533-Met-Duo","GSE71729","GPL20769","Agilent-014850 Whole Human Genome Microarray 4x44K G4112F","metastasis",FALSE,FALSE
"GSM1843954","56522-Met-Liver","GSE71729","GPL20769","Agilent-014850 Whole Human Genome Microarray 4x44K G4112F","metastasis",FALSE,FALSE
"GSM1843955","56328-Met-Liver","GSE71729","GPL20769","Agilent-014850 Whole Human Genome Microarray 4x44K G4112F","metastasis",FALSE,FALSE
"GSM1843956","56524-Met-Liver","GSE71729","GPL20769","Agilent-014850 Whole Human Genome Microarray 4x44K G4112F","metastasis",FALSE,FALSE
"GSM1843957","56315-Met-Liver","GSE71729","GPL20769","Agilent-014850 Whole Human Genome Microarray 4x44K G4112F","metastasis",FALSE,FALSE
"GSM1843958","56317-Met-Liver","GSE71729","GPL20769","Agilent-014850 Whole Human Genome Microarray 4x44K G4112F","metastasis",FALSE,FALSE
"GSM1843959","56318-Met-Liver","GSE71729","GPL20769","Agilent-014850 Whole Human Genome Microarray 4x44K G4112F","metastasis",FALSE,FALSE
"GSM1843960","56319-Met-Peritoneal","GSE71729","GPL20769","Agilent-014850 Whole Human Genome Microarray 4x44K G4112F","metastasis",FALSE,FALSE
"GSM1843961","56321-Met-Peritoneal","GSE71729","GPL20769","Agilent-014850 Whole Human Genome Microarray 4x44K G4112F","metastasis",FALSE,FALSE
"GSM1843962","54024-MiaPaca2-CellLine","GSE71729","GPL20769","Agilent-014850 Whole Human Genome Microarray 4x44K G4112F","cell_line",FALSE,FALSE
"GSM1843963","53839-Normal-Liver","GSE71729","GPL20769","Agilent-014850 Whole Human Genome Microarray 4x44K G4112F","normal_distant",FALSE,FALSE
"GSM1843964","49081-Normal-LymphNode","GSE71729","GPL20769","Agilent-014850 Whole Human Genome Microarray 4x44K G4112F","normal_distant",FALSE,FALSE
"GSM1843965","49077-Normal-Liver","GSE71729","GPL20769","Agilent-014850 Whole Human Genome Microarray 4x44K G4112F","normal_distant",FALSE,FALSE
"GSM1843966","49078-Normal-Liver","GSE71729","GPL20769","Agilent-014850 Whole Human Genome Microarray 4x44K G4112F","normal_distant",FALSE,FALSE
"GSM1843967","53840-Normal-Lung","GSE71729","GPL20769","Agilent-014850 Whole Human Genome Microarray 4x44K G4112F","normal_distant",FALSE,FALSE
"GSM1843968","49074-Normal-Liver","GSE71729","GPL20769","Agilent-014850 Whole Human Genome Microarray 4x44K G4112F","normal_distant",FALSE,FALSE
"GSM1843969","49080-Normal-Fat","GSE71729","GPL20769","Agilent-014850 Whole Human Genome Microarray 4x44K G4112F","normal_distant",FALSE,FALSE
"GSM1843970","49079-Normal-Fat","GSE71729","GPL20769","Agilent-014850 Whole Human Genome Microarray 4x44K G4112F","normal_distant",FALSE,FALSE
"GSM1843971","49082-Normal-Pancreas","GSE71729","GPL20769","Agilent-014850 Whole Human Genome Microarray 4x44K G4112F","normal_pancreas",FALSE,FALSE
"GSM1843972","49088-Normal-Liver","GSE71729","GPL20769","Agilent-014850 Whole Human Genome Microarray 4x44K G4112F","normal_distant",FALSE,FALSE
"GSM1843973","49093-Normal-Spleen","GSE71729","GPL20769","Agilent-014850 Whole Human Genome Microarray 4x44K G4112F","normal_distant",FALSE,FALSE
"GSM1843974","49089-Normal-Lung","GSE71729","GPL20769","Agilent-014850 Whole Human Genome Microarray 4x44K G4112F","normal_distant",FALSE,FALSE
"GSM1843975","49090-Normal-Lung","GSE71729","GPL20769","Agilent-014850 Whole Human Genome Microarray 4x44K G4112F","normal_distant",FALSE,FALSE
"GSM1843976","49087-Normal-Lung","GSE71729","GPL20769","Agilent-014850 Whole Human Genome Microarray 4x44K G4112F","normal_distant",FALSE,FALSE
"GSM1843977","53850-Normal-LymphNode","GSE71729","GPL20769","Agilent-014850 Whole Human Genome Microarray 4x44K G4112F","normal_distant",FALSE,FALSE
"GSM1843978","49092-Normal-Pancreas","GSE71729","GPL20769","Agilent-014850 Whole Human Genome Microarray 4x44K G4112F","normal_pancreas",FALSE,FALSE
"GSM1843979","49091-Normal-Peritoneal","GSE71729","GPL20769","Agilent-014850 Whole Human Genome Microarray 4x44K G4112F","normal_distant",FALSE,FALSE
"GSM1843980","53849-Normal-Diaphragm","GSE71729","GPL20769","Agilent-014850 Whole Human Genome Microarray 4x44K G4112F","normal_distant",FALSE,FALSE
"GSM1843981","53851-Normal-Peritoneal","GSE71729","GPL20769","Agilent-014850 Whole Human Genome Microarray 4x44K G4112F","normal_distant",FALSE,FALSE
"GSM1843982","53857-Normal-PelvicWall","GSE71729","GPL20769","Agilent-014850 Whole Human Genome Microarray 4x44K G4112F","normal_distant",FALSE,FALSE
"GSM1843983","49346-Normal-Spleen","GSE71729","GPL20769","Agilent-014850 Whole Human Genome Microarray 4x44K G4112F","normal_distant",FALSE,FALSE
"GSM1843984","49340-Normal-Liver","GSE71729","GPL20769","Agilent-014850 Whole Human Genome Microarray 4x44K G4112F","normal_distant",FALSE,FALSE
"GSM1843985","53834-Normal-Lung","GSE71729","GPL20769","Agilent-014850 Whole Human Genome Microarray 4x44K G4112F","normal_distant",FALSE,FALSE
"GSM1843986","53855-Normal-Liver","GSE71729","GPL20769","Agilent-014850 Whole Human Genome Microarray 4x44K G4112F","normal_distant",FALSE,FALSE
"GSM1843987","53856-Normal-Pancreas","GSE71729","GPL20769","Agilent-014850 Whole Human Genome Microarray 4x44K G4112F","normal_pancreas",FALSE,FALSE
"GSM1843988","49393-Normal-Lung","GSE71729","GPL20769","Agilent-014850 Whole Human Genome Microarray 4x44K G4112F","normal_distant",FALSE,FALSE
"GSM1843989","49395-Normal-Lung","GSE71729","GPL20769","Agilent-014850 Whole Human Genome Microarray 4x44K G4112F","normal_distant",FALSE,FALSE
"GSM1843990","49397-Normal-Liver","GSE71729","GPL20769","Agilent-014850 Whole Human Genome Microarray 4x44K G4112F","normal_distant",FALSE,FALSE
"GSM1843991","53859-Normal-Lung","GSE71729","GPL20769","Agilent-014850 Whole Human Genome Microarray 4x44K G4112F","normal_distant",FALSE,FALSE
"GSM1843992","53860-Normal-Spleen","GSE71729","GPL20769","Agilent-014850 Whole Human Genome Microarray 4x44K G4112F","normal_distant",FALSE,FALSE
"GSM1843993","48606-Normal-LymphNode","GSE71729","GPL20769","Agilent-014850 Whole Human Genome Microarray 4x44K G4112F","normal_distant",FALSE,FALSE
"GSM1843994","48608-Normal-Pancreas","GSE71729","GPL20769","Agilent-014850 Whole Human Genome Microarray 4x44K G4112F","normal_pancreas",FALSE,FALSE
"GSM1843995","48607-Normal-Lung","GSE71729","GPL20769","Agilent-014850 Whole Human Genome Microarray 4x44K G4112F","normal_distant",FALSE,FALSE
"GSM1843996","48605-Normal-Liver","GSE71729","GPL20769","Agilent-014850 Whole Human Genome Microarray 4x44K G4112F","normal_distant",FALSE,FALSE
"GSM1843997","48609-Normal-Spleen","GSE71729","GPL20769","Agilent-014850 Whole Human Genome Microarray 4x44K G4112F","normal_distant",FALSE,FALSE
"GSM1843998","48573-Normal-LymphNode","GSE71729","GPL20769","Agilent-014850 Whole Human Genome Microarray 4x44K G4112F","normal_distant",FALSE,FALSE
"GSM1843999","48612-Normal-Fat","GSE71729","GPL20769","Agilent-014850 Whole Human Genome Microarray 4x44K G4112F","normal_distant",FALSE,FALSE
"GSM1844000","48610-Normal-Lung","GSE71729","GPL20769","Agilent-014850 Whole Human Genome Microarray 4x44K G4112F","normal_distant",FALSE,FALSE
"GSM1844001","48570-Normal-Liver","GSE71729","GPL20769","Agilent-014850 Whole Human Genome Microarray 4x44K G4112F","normal_distant",FALSE,FALSE
"GSM1844002","48571-Normal-Liver","GSE71729","GPL20769","Agilent-014850 Whole Human Genome Microarray 4x44K G4112F","normal_distant",FALSE,FALSE
"GSM1844003","48611-Normal-Pancreas","GSE71729","GPL20769","Agilent-014850 Whole Human Genome Microarray 4x44K G4112F","normal_pancreas",FALSE,FALSE
"GSM1844004","49358-Normal-LymphNode","GSE71729","GPL20769","Agilent-014850 Whole Human Genome Microarray 4x44K G4112F","normal_distant",FALSE,FALSE
"GSM1844005","48572-Normal-Spleen","GSE71729","GPL20769","Agilent-014850 Whole Human Genome Microarray 4x44K G4112F","normal_distant",FALSE,FALSE
"GSM1844006","48582-Normal-Liver","GSE71729","GPL20769","Agilent-014850 Whole Human Genome Microarray 4x44K G4112F","normal_distant",FALSE,FALSE
"GSM1844007","48583-Normal-Liver","GSE71729","GPL20769","Agilent-014850 Whole Human Genome Microarray 4x44K G4112F","normal_distant",FALSE,FALSE
"GSM1844008","48588-Normal-Spleen","GSE71729","GPL20769","Agilent-014850 Whole Human Genome Microarray 4x44K G4112F","normal_distant",FALSE,FALSE
"GSM1844009","48579-Normal-Pancreas","GSE71729","GPL20769","Agilent-014850 Whole Human Genome Microarray 4x44K G4112F","normal_pancreas",FALSE,FALSE
"GSM1844010","48576-Normal-Pancreas","GSE71729","GPL20769","Agilent-014850 Whole Human Genome Microarray 4x44K G4112F","normal_pancreas",FALSE,FALSE
"GSM1844011","49361-Normal-Vessel","GSE71729","GPL20769","Agilent-014850 Whole Human Genome Microarray 4x44K G4112F","normal_distant",FALSE,FALSE
"GSM1844012","48585-Normal-Lung","GSE71729","GPL20769","Agilent-014850 Whole Human Genome Microarray 4x44K G4112F","normal_distant",FALSE,FALSE
"GSM1844013","48580-Normal-Diaphragm","GSE71729","GPL20769","Agilent-014850 Whole Human Genome Microarray 4x44K G4112F","normal_distant",FALSE,FALSE
"GSM1844014","48575-Normal-Diaphragm","GSE71729","GPL20769","Agilent-014850 Whole Human Genome Microarray 4x44K G4112F","normal_distant",FALSE,FALSE
"GSM1844015","49371-Normal-Liver","GSE71729","GPL20769","Agilent-014850 Whole Human Genome Microarray 4x44K G4112F","normal_distant",FALSE,FALSE
"GSM1844016","49372-Normal-Liver","GSE71729","GPL20769","Agilent-014850 Whole Human Genome Microarray 4x44K G4112F","normal_distant",FALSE,FALSE
"GSM1844017","49373-Normal-Liver","GSE71729","GPL20769","Agilent-014850 Whole Human Genome Microarray 4x44K G4112F","normal_distant",FALSE,FALSE
"GSM1844018","48595-Normal-Spleen","GSE71729","GPL20769","Agilent-014850 Whole Human Genome Microarray 4x44K G4112F","normal_distant",FALSE,FALSE
"GSM1844019","48593-Normal-Lung","GSE71729","GPL20769","Agilent-014850 Whole Human Genome Microarray 4x44K G4112F","normal_distant",FALSE,FALSE
"GSM1844020","48590-Normal-Liver","GSE71729","GPL20769","Agilent-014850 Whole Human Genome Microarray 4x44K G4112F","normal_distant",FALSE,FALSE
"GSM1844021","48589-Normal-Fat","GSE71729","GPL20769","Agilent-014850 Whole Human Genome Microarray 4x44K G4112F","normal_distant",FALSE,FALSE
"GSM1844022","49365-Normal-Diaphragm","GSE71729","GPL20769","Agilent-014850 Whole Human Genome Microarray 4x44K G4112F","normal_distant",FALSE,FALSE
"GSM1844023","49366-Normal-Diaphragm","GSE71729","GPL20769","Agilent-014850 Whole Human Genome Microarray 4x44K G4112F","normal_distant",FALSE,FALSE
"GSM1844024","49367-Normal-Diaphragm","GSE71729","GPL20769","Agilent-014850 Whole Human Genome Microarray 4x44K G4112F","normal_distant",FALSE,FALSE
"GSM1844025","49368-Normal-Diaphragm","GSE71729","GPL20769","Agilent-014850 Whole Human Genome Microarray 4x44K G4112F","normal_distant",FALSE,FALSE
"GSM1844026","48614-Normal-Pancreas","GSE71729","GPL20769","Agilent-014850 Whole Human Genome Microarray 4x44K G4112F","normal_pancreas",FALSE,FALSE
"GSM1844027","49369-Normal-Pancreas","GSE71729","GPL20769","Agilent-014850 Whole Human Genome Microarray 4x44K G4112F","normal_pancreas",FALSE,FALSE
"GSM1844028","49378-Normal-Liver","GSE71729","GPL20769","Agilent-014850 Whole Human Genome Microarray 4x44K G4112F","normal_distant",FALSE,FALSE
"GSM1844029","48601-Normal-Lung","GSE71729","GPL20769","Agilent-014850 Whole Human Genome Microarray 4x44K G4112F","normal_distant",FALSE,FALSE
"GSM1844030","49374-Normal-LymphNode","GSE71729","GPL20769","Agilent-014850 Whole Human Genome Microarray 4x44K G4112F","normal_distant",FALSE,FALSE
"GSM1844031","48604-Normal-Liver","GSE71729","GPL20769","Agilent-014850 Whole Human Genome Microarray 4x44K G4112F","normal_distant",FALSE,FALSE
"GSM1844032","48600-Normal-Spleen","GSE71729","GPL20769","Agilent-014850 Whole Human Genome Microarray 4x44K G4112F","normal_distant",FALSE,FALSE
"GSM1844033","48599-Normal-Pancreas","GSE71729","GPL20769","Agilent-014850 Whole Human Genome Microarray 4x44K G4112F","normal_pancreas",FALSE,FALSE
"GSM1844034","49377-Normal-Pancreas","GSE71729","GPL20769","Agilent-014850 Whole Human Genome Microarray 4x44K G4112F","normal_pancreas",FALSE,FALSE
"GSM1844035","48603-Normal-LymphNode","GSE71729","GPL20769","Agilent-014850 Whole Human Genome Microarray 4x44K G4112F","normal_distant",FALSE,FALSE
"GSM1844036","48596-Normal-Liver","GSE71729","GPL20769","Agilent-014850 Whole Human Genome Microarray 4x44K G4112F","normal_distant",FALSE,FALSE
"GSM1844037","48645-Normal-Liver","GSE71729","GPL20769","Agilent-014850 Whole Human Genome Microarray 4x44K G4112F","normal_distant",FALSE,FALSE
"GSM1844038","48646-Normal-Liver","GSE71729","GPL20769","Agilent-014850 Whole Human Genome Microarray 4x44K G4112F","normal_distant",FALSE,FALSE
"GSM1844039","48647-Normal-Pancreas","GSE71729","GPL20769","Agilent-014850 Whole Human Genome Microarray 4x44K G4112F","normal_pancreas",FALSE,FALSE
"GSM1844040","49379-Normal-Fat","GSE71729","GPL20769","Agilent-014850 Whole Human Genome Microarray 4x44K G4112F","normal_distant",FALSE,FALSE
"GSM1844041","48641-Normal-Pancreas","GSE71729","GPL20769","Agilent-014850 Whole Human Genome Microarray 4x44K G4112F","normal_pancreas",FALSE,FALSE
"GSM1844042","48640-Normal-Liver","GSE71729","GPL20769","Agilent-014850 Whole Human Genome Microarray 4x44K G4112F","normal_distant",FALSE,FALSE
"GSM1844043","49380-Normal-LymphNode","GSE71729","GPL20769","Agilent-014850 Whole Human Genome Microarray 4x44K G4112F","normal_distant",FALSE,FALSE
"GSM1844044","48644-Normal-LymphNode","GSE71729","GPL20769","Agilent-014850 Whole Human Genome Microarray 4x44K G4112F","normal_distant",FALSE,FALSE
"GSM1844045","48643-Normal-Spleen","GSE71729","GPL20769","Agilent-014850 Whole Human Genome Microarray 4x44K G4112F","normal_distant",FALSE,FALSE
"GSM1844046","49383-Normal-Diaphragm","GSE71729","GPL20769","Agilent-014850 Whole Human Genome Microarray 4x44K G4112F","normal_distant",FALSE,FALSE
"GSM1844047","48642-Normal-Lung","GSE71729","GPL20769","Agilent-014850 Whole Human Genome Microarray 4x44K G4112F","normal_distant",FALSE,FALSE
"GSM1844049","48655-Normal-Lung","GSE71729","GPL20769","Agilent-014850 Whole Human Genome Microarray 4x44K G4112F","normal_distant",FALSE,FALSE
"GSM1844050","48651-Normal-Liver","GSE71729","GPL20769","Agilent-014850 Whole Human Genome Microarray 4x44K G4112F","normal_distant",FALSE,FALSE
"GSM1844051","48649-Normal-Diaphragm","GSE71729","GPL20769","Agilent-014850 Whole Human Genome Microarray 4x44K G4112F","normal_distant",FALSE,FALSE
"GSM1844052","49384-Normal-Diaphragm","GSE71729","GPL20769","Agilent-014850 Whole Human Genome Microarray 4x44K G4112F","normal_distant",FALSE,FALSE
"GSM1844053","48656-Normal-Pancreas","GSE71729","GPL20769","Agilent-014850 Whole Human Genome Microarray 4x44K G4112F","normal_pancreas",FALSE,FALSE
"GSM1844054","53835-Normal-Lung","GSE71729","GPL20769","Agilent-014850 Whole Human Genome Microarray 4x44K G4112F","normal_distant",FALSE,FALSE
"GSM1844055","53837-Normal-Pancreas","GSE71729","GPL20769","Agilent-014850 Whole Human Genome Microarray 4x44K G4112F","normal_pancreas",FALSE,FALSE
"GSM1844056","48650-Normal-Fat","GSE71729","GPL20769","Agilent-014850 Whole Human Genome Microarray 4x44K G4112F","normal_distant",FALSE,FALSE
"GSM1844057","48654-Normal-Lung","GSE71729","GPL20769","Agilent-014850 Whole Human Genome Microarray 4x44K G4112F","normal_distant",FALSE,FALSE
"GSM1844058","48663-Normal-LymphNode","GSE71729","GPL20769","Agilent-014850 Whole Human Genome Microarray 4x44K G4112F","normal_distant",FALSE,FALSE
"GSM1844059","48665-Normal-Pancreas","GSE71729","GPL20769","Agilent-014850 Whole Human Genome Microarray 4x44K G4112F","normal_pancreas",FALSE,FALSE
"GSM1844060","48662-Normal-Spleen","GSE71729","GPL20769","Agilent-014850 Whole Human Genome Microarray 4x44K G4112F","normal_distant",FALSE,FALSE
"GSM1844061","48660-Normal-Lung","GSE71729","GPL20769","Agilent-014850 Whole Human Genome Microarray 4x44K G4112F","normal_distant",FALSE,FALSE
"GSM1844062","48678-Normal-Liver","GSE71729","GPL20769","Agilent-014850 Whole Human Genome Microarray 4x44K G4112F","normal_distant",FALSE,FALSE
"GSM1844063","48664-Normal-Peritoneal","GSE71729","GPL20769","Agilent-014850 Whole Human Genome Microarray 4x44K G4112F","normal_distant",FALSE,FALSE
"GSM1844064","49072-Normal-Spleen","GSE71729","GPL20769","Agilent-014850 Whole Human Genome Microarray 4x44K G4112F","normal_distant",FALSE,FALSE
"GSM1844065","49064-Normal-Liver","GSE71729","GPL20769","Agilent-014850 Whole Human Genome Microarray 4x44K G4112F","normal_distant",FALSE,FALSE
"GSM1844066","49069-Normal-Lung","GSE71729","GPL20769","Agilent-014850 Whole Human Genome Microarray 4x44K G4112F","normal_distant",FALSE,FALSE
"GSM1844067","53265-HPNE-CellLine","GSE71729","GPL20769","Agilent-014850 Whole Human Genome Microarray 4x44K G4112F","cell_line",FALSE,FALSE
"GSM1844068","53266-HPNE-CellLine","GSE71729","GPL20769","Agilent-014850 Whole Human Genome Microarray 4x44K G4112F","cell_line",FALSE,FALSE
"GSM1844069","48557-Normal-Pancreas","GSE71729","GPL20769","Agilent-014850 Whole Human Genome Microarray 4x44K G4112F","normal_pancreas",FALSE,FALSE
"GSM1844070","48563-Normal-Pancreas","GSE71729","GPL20769","Agilent-014850 Whole Human Genome Microarray 4x44K G4112F","normal_pancreas",FALSE,FALSE
"GSM1844071","49387-Normal-Pancreas","GSE71729","GPL20769","Agilent-014850 Whole Human Genome Microarray 4x44K G4112F","normal_pancreas",FALSE,FALSE
"GSM1844072","47697-Normal-Pancreas","GSE71729","GPL20769","Agilent-014850 Whole Human Genome Microarray 4x44K G4112F","normal_pancreas",FALSE,FALSE
"GSM1844073","47967-Normal-Pancreas","GSE71729","GPL20769","Agilent-014850 Whole Human Genome Microarray 4x44K G4112F","normal_pancreas",FALSE,FALSE
"GSM1844074","47968-Normal-Pancreas","GSE71729","GPL20769","Agilent-014850 Whole Human Genome Microarray 4x44K G4112F","normal_pancreas",FALSE,FALSE
"GSM1844075","48112-Normal-Pancreas","GSE71729","GPL20769","Agilent-014850 Whole Human Genome Microarray 4x44K G4112F","normal_pancreas",FALSE,FALSE
"GSM1844076","47589-Normal-Pancreas","GSE71729","GPL20769","Agilent-014850 Whole Human Genome Microarray 4x44K G4112F","normal_pancreas",FALSE,FALSE
"GSM1844077","47970-Normal-Pancreas","GSE71729","GPL20769","Agilent-014850 Whole Human Genome Microarray 4x44K G4112F","normal_pancreas",FALSE,FALSE
"GSM1844078","46454-Normal-Pancreas","GSE71729","GPL20769","Agilent-014850 Whole Human Genome Microarray 4x44K G4112F","normal_pancreas",FALSE,FALSE
"GSM1844079","46453-Normal-Pancreas","GSE71729","GPL20769","Agilent-014850 Whole Human Genome Microarray 4x44K G4112F","normal_pancreas",FALSE,FALSE
"GSM1844080","47693-Normal-Pancreas","GSE71729","GPL20769","Agilent-014850 Whole Human Genome Microarray 4x44K G4112F","normal_pancreas",FALSE,FALSE
"GSM1844081","47694-Normal-Pancreas","GSE71729","GPL20769","Agilent-014850 Whole Human Genome Microarray 4x44K G4112F","normal_pancreas",FALSE,FALSE
"GSM1844082","46336-Normal-Pancreas","GSE71729","GPL20769","Agilent-014850 Whole Human Genome Microarray 4x44K G4112F","normal_pancreas",FALSE,FALSE
"GSM1844083","46338-Normal-Pancreas","GSE71729","GPL20769","Agilent-014850 Whole Human Genome Microarray 4x44K G4112F","normal_pancreas",FALSE,FALSE
"GSM1844084","46576-Normal-Pancreas","GSE71729","GPL20769","Agilent-014850 Whole Human Genome Microarray 4x44K G4112F","normal_pancreas",FALSE,FALSE
"GSM1844085","46579-Normal-Pancreas","GSE71729","GPL20769","Agilent-014850 Whole Human Genome Microarray 4x44K G4112F","normal_pancreas",FALSE,FALSE
"GSM1844086","46451-Normal-Pancreas","GSE71729","GPL20769","Agilent-014850 Whole Human Genome Microarray 4x44K G4112F","normal_pancreas",FALSE,FALSE
"GSM1844088","47982-Normal-Pancreas","GSE71729","GPL20769","Agilent-014850 Whole Human Genome Microarray 4x44K G4112F","normal_pancreas",FALSE,FALSE
"GSM1844089","49391-Normal-Pancreas","GSE71729","GPL20769","Agilent-014850 Whole Human Genome Microarray 4x44K G4112F","normal_pancreas",FALSE,FALSE
"GSM1844090","47588-Normal-Pancreas","GSE71729","GPL20769","Agilent-014850 Whole Human Genome Microarray 4x44K G4112F","normal_pancreas",FALSE,FALSE
"GSM1844091","54275-Normal-Pancreas","GSE71729","GPL20769","Agilent-014850 Whole Human Genome Microarray 4x44K G4112F","normal_pancreas",FALSE,FALSE
"GSM1844092","53861-Normal-Pancreas","GSE71729","GPL20769","Agilent-014850 Whole Human Genome Microarray 4x44K G4112F","normal_pancreas",FALSE,FALSE
"GSM1844093","56330-Normal-Pancreas","GSE71729","GPL20769","Agilent-014850 Whole Human Genome Microarray 4x44K G4112F","normal_pancreas",FALSE,FALSE
"GSM1844094","56526-Normal-Pancreas","GSE71729","GPL20769","Agilent-014850 Whole Human Genome Microarray 4x44K G4112F","normal_pancreas",FALSE,FALSE
"GSM1844095","56366-Normal-Pancreas","GSE71729","GPL20769","Agilent-014850 Whole Human Genome Microarray 4x44K G4112F","normal_pancreas",FALSE,FALSE
"GSM1844096","56368-Normal-Pancreas","GSE71729","GPL20769","Agilent-014850 Whole Human Genome Microarray 4x44K G4112F","normal_pancreas",FALSE,FALSE
"GSM1844097","56370-Normal-Pancreas","GSE71729","GPL20769","Agilent-014850 Whole Human Genome Microarray 4x44K G4112F","normal_pancreas",FALSE,FALSE
"GSM1844098","56371-Normal-Pancreas","GSE71729","GPL20769","Agilent-014850 Whole Human Genome Microarray 4x44K G4112F","normal_pancreas",FALSE,FALSE
"GSM1844099","56372-Normal-Pancreas","GSE71729","GPL20769","Agilent-014850 Whole Human Genome Microarray 4x44K G4112F","normal_pancreas",FALSE,FALSE
"GSM1844100","56379-Normal-Liver","GSE71729","GPL20769","Agilent-014850 Whole Human Genome Microarray 4x44K G4112F","normal_distant",FALSE,FALSE
"GSM1844101","54242-Panc0203-CellLine","GSE71729","GPL20769","Agilent-014850 Whole Human Genome Microarray 4x44K G4112F","cell_line",FALSE,FALSE
"GSM1844102","54247-Panc0327-CellLine","GSE71729","GPL20769","Agilent-014850 Whole Human Genome Microarray 4x44K G4112F","cell_line",FALSE,FALSE
"GSM1844103","53292-Panc1-CellLine","GSE71729","GPL20769","Agilent-014850 Whole Human Genome Microarray 4x44K G4112F","cell_line",FALSE,FALSE
"GSM1844104","54248-Panc1005-CellLine","GSE71729","GPL20769","Agilent-014850 Whole Human Genome Microarray 4x44K G4112F","cell_line",FALSE,FALSE
"GSM1844105","53862-Primary-Pancreas","GSE71729","GPL20769","Agilent-014850 Whole Human Genome Microarray 4x44K G4112F","primary_tumor",TRUE,FALSE
"GSM1844106","49360-Primary-Pancreas","GSE71729","GPL20769","Agilent-014850 Whole Human Genome Microarray 4x44K G4112F","primary_tumor",TRUE,FALSE
"GSM1844107","54249-Primary-Pancreas","GSE71729","GPL20769","Agilent-014850 Whole Human Genome Microarray 4x44K G4112F","primary_tumor",TRUE,FALSE
"GSM1844108","48661-Primary-Pancreas","GSE71729","GPL20769","Agilent-014850 Whole Human Genome Microarray 4x44K G4112F","primary_tumor",TRUE,FALSE
"GSM1844109","49071-Primary-Pancreas","GSE71729","GPL20769","Agilent-014850 Whole Human Genome Microarray 4x44K G4112F","primary_tumor",TRUE,FALSE
"GSM1844110","53838-Primary-Pancreas","GSE71729","GPL20769","Agilent-014850 Whole Human Genome Microarray 4x44K G4112F","primary_tumor",TRUE,FALSE
"GSM1844111","49073-Primary-Pancreas","GSE71729","GPL20769","Agilent-014850 Whole Human Genome Microarray 4x44K G4112F","primary_tumor",TRUE,FALSE
"GSM1844112","48556-Primary-Pancreas","GSE71729","GPL20769","Agilent-014850 Whole Human Genome Microarray 4x44K G4112F","primary_tumor",TRUE,FALSE
"GSM1844113","48558-Primary-Pancreas","GSE71729","GPL20769","Agilent-014850 Whole Human Genome Microarray 4x44K G4112F","primary_tumor",TRUE,FALSE
"GSM1844114","52042-Primary-Pancreas","GSE71729","GPL20769","Agilent-014850 Whole Human Genome Microarray 4x44K G4112F","primary_tumor",TRUE,FALSE
"GSM1844115","52043-Primary-Pancreas","GSE71729","GPL20769","Agilent-014850 Whole Human Genome Microarray 4x44K G4112F","primary_tumor",TRUE,FALSE
"GSM1844116","48562-Primary-Pancreas","GSE71729","GPL20769","Agilent-014850 Whole Human Genome Microarray 4x44K G4112F","primary_tumor",TRUE,FALSE
"GSM1844117","48564-Primary-Pancreas","GSE71729","GPL20769","Agilent-014850 Whole Human Genome Microarray 4x44K G4112F","primary_tumor",TRUE,FALSE
"GSM1844118","48567-Primary-Pancreas","GSE71729","GPL20769","Agilent-014850 Whole Human Genome Microarray 4x44K G4112F","primary_tumor",TRUE,FALSE
"GSM1844119","48568-Primary-Pancreas","GSE71729","GPL20769","Agilent-014850 Whole Human Genome Microarray 4x44K G4112F","primary_tumor",TRUE,FALSE
"GSM1844120","49388-Primary-Pancreas","GSE71729","GPL20769","Agilent-014850 Whole Human Genome Microarray 4x44K G4112F","primary_tumor",TRUE,FALSE
"GSM1844121","46648-Primary-Pancreas","GSE71729","GPL20769","Agilent-014850 Whole Human Genome Microarray 4x44K G4112F","primary_tumor",TRUE,FALSE
"GSM1844122","46649-Primary-Pancreas","GSE71729","GPL20769","Agilent-014850 Whole Human Genome Microarray 4x44K G4112F","primary_tumor",TRUE,FALSE
"GSM1844123","46650-Primary-Pancreas","GSE71729","GPL20769","Agilent-014850 Whole Human Genome Microarray 4x44K G4112F","primary_tumor",TRUE,FALSE
"GSM1844124","46651-Primary-Pancreas","GSE71729","GPL20769","Agilent-014850 Whole Human Genome Microarray 4x44K G4112F","primary_tumor",TRUE,FALSE
"GSM1844125","47702-Primary-Pancreas","GSE71729","GPL20769","Agilent-014850 Whole Human Genome Microarray 4x44K G4112F","primary_tumor",TRUE,FALSE
"GSM1844126","46652-Primary-Pancreas","GSE71729","GPL20769","Agilent-014850 Whole Human Genome Microarray 4x44K G4112F","primary_tumor",TRUE,FALSE
"GSM1844127","46987-Primary-Pancreas","GSE71729","GPL20769","Agilent-014850 Whole Human Genome Microarray 4x44K G4112F","primary_tumor",TRUE,FALSE
"GSM1844128","46653-Primary-Pancreas","GSE71729","GPL20769","Agilent-014850 Whole Human Genome Microarray 4x44K G4112F","primary_tumor",TRUE,FALSE
"GSM1844129","46832-Primary-Pancreas","GSE71729","GPL20769","Agilent-014850 Whole Human Genome Microarray 4x44K G4112F","primary_tumor",TRUE,FALSE
"GSM1844130","46831-Primary-Pancreas","GSE71729","GPL20769","Agilent-014850 Whole Human Genome Microarray 4x44K G4112F","primary_tumor",TRUE,FALSE
"GSM1844131","46985-Primary-Pancreas","GSE71729","GPL20769","Agilent-014850 Whole Human Genome Microarray 4x44K G4112F","primary_tumor",TRUE,FALSE
"GSM1844132","46828-Primary-Pancreas","GSE71729","GPL20769","Agilent-014850 Whole Human Genome Microarray 4x44K G4112F","primary_tumor",TRUE,FALSE
"GSM1844133","47692-Primary-Pancreas","GSE71729","GPL20769","Agilent-014850 Whole Human Genome Microarray 4x44K G4112F","primary_tumor",TRUE,FALSE
"GSM1844134","46986-Primary-Pancreas","GSE71729","GPL20769","Agilent-014850 Whole Human Genome Microarray 4x44K G4112F","primary_tumor",TRUE,FALSE
"GSM1844135","47590-Primary-Pancreas","GSE71729","GPL20769","Agilent-014850 Whole Human Genome Microarray 4x44K G4112F","primary_tumor",TRUE,FALSE
"GSM1844136","47969-Primary-Pancreas","GSE71729","GPL20769","Agilent-014850 Whole Human Genome Microarray 4x44K G4112F","primary_tumor",TRUE,FALSE
"GSM1844137","47989-Primary-Pancreas","GSE71729","GPL20769","Agilent-014850 Whole Human Genome Microarray 4x44K G4112F","primary_tumor",TRUE,FALSE
"GSM1844138","46581-Primary-Pancreas","GSE71729","GPL20769","Agilent-014850 Whole Human Genome Microarray 4x44K G4112F","primary_tumor",TRUE,FALSE
"GSM1844139","46582-Primary-Pancreas","GSE71729","GPL20769","Agilent-014850 Whole Human Genome Microarray 4x44K G4112F","primary_tumor",TRUE,FALSE
"GSM1844140","46830-Primary-Pancreas","GSE71729","GPL20769","Agilent-014850 Whole Human Genome Microarray 4x44K G4112F","primary_tumor",TRUE,FALSE
"GSM1844141","46584-Primary-Pancreas","GSE71729","GPL20769","Agilent-014850 Whole Human Genome Microarray 4x44K G4112F","primary_tumor",TRUE,FALSE
"GSM1844142","47703-Primary-Pancreas","GSE71729","GPL20769","Agilent-014850 Whole Human Genome Microarray 4x44K G4112F","primary_tumor",TRUE,FALSE
"GSM1844143","47708-Primary-Pancreas","GSE71729","GPL20769","Agilent-014850 Whole Human Genome Microarray 4x44K G4112F","primary_tumor",TRUE,FALSE
"GSM1844144","46450-Primary-Pancreas","GSE71729","GPL20769","Agilent-014850 Whole Human Genome Microarray 4x44K G4112F","primary_tumor",TRUE,FALSE
"GSM1844145","47695-Primary-Pancreas","GSE71729","GPL20769","Agilent-014850 Whole Human Genome Microarray 4x44K G4112F","primary_tumor",TRUE,FALSE
"GSM1844146","48550-Primary-Pancreas","GSE71729","GPL20769","Agilent-014850 Whole Human Genome Microarray 4x44K G4112F","primary_tumor",TRUE,FALSE
"GSM1844147","46339-Primary-Pancreas","GSE71729","GPL20769","Agilent-014850 Whole Human Genome Microarray 4x44K G4112F","primary_tumor",TRUE,FALSE
"GSM1844148","46578-Primary-Pancreas","GSE71729","GPL20769","Agilent-014850 Whole Human Genome Microarray 4x44K G4112F","primary_tumor",TRUE,FALSE
"GSM1844149","46585-Primary-Pancreas","GSE71729","GPL20769","Agilent-014850 Whole Human Genome Microarray 4x44K G4112F","primary_tumor",TRUE,FALSE
"GSM1844150","46337-Primary-Pancreas","GSE71729","GPL20769","Agilent-014850 Whole Human Genome Microarray 4x44K G4112F","primary_tumor",TRUE,FALSE
"GSM1844151","46587-Primary-Pancreas","GSE71729","GPL20769","Agilent-014850 Whole Human Genome Microarray 4x44K G4112F","primary_tumor",TRUE,FALSE
"GSM1844152","47700-Primary-Pancreas","GSE71729","GPL20769","Agilent-014850 Whole Human Genome Microarray 4x44K G4112F","primary_tumor",TRUE,FALSE
"GSM1844153","46826-Primary-Pancreas","GSE71729","GPL20769","Agilent-014850 Whole Human Genome Microarray 4x44K G4112F","primary_tumor",TRUE,FALSE
"GSM1844154","46592-Primary-Pancreas","GSE71729","GPL20769","Agilent-014850 Whole Human Genome Microarray 4x44K G4112F","primary_tumor",TRUE,FALSE
"GSM1844155","46452-Primary-Pancreas","GSE71729","GPL20769","Agilent-014850 Whole Human Genome Microarray 4x44K G4112F","primary_tumor",TRUE,FALSE
"GSM1844156","46460-Primary-Pancreas","GSE71729","GPL20769","Agilent-014850 Whole Human Genome Microarray 4x44K G4112F","primary_tumor",TRUE,FALSE
"GSM1844157","47983-Primary-Pancreas","GSE71729","GPL20769","Agilent-014850 Whole Human Genome Microarray 4x44K G4112F","primary_tumor",TRUE,FALSE
"GSM1844158","46642-Primary-Pancreas","GSE71729","GPL20769","Agilent-014850 Whole Human Genome Microarray 4x44K G4112F","primary_tumor",TRUE,FALSE
"GSM1844159","47701-Primary-Pancreas","GSE71729","GPL20769","Agilent-014850 Whole Human Genome Microarray 4x44K G4112F","primary_tumor",TRUE,FALSE
"GSM1844160","46643-Primary-Pancreas","GSE71729","GPL20769","Agilent-014850 Whole Human Genome Microarray 4x44K G4112F","primary_tumor",TRUE,FALSE
"GSM1844161","47965-Primary-Pancreas","GSE71729","GPL20769","Agilent-014850 Whole Human Genome Microarray 4x44K G4112F","primary_tumor",TRUE,FALSE
"GSM1844162","46644-Primary-Pancreas","GSE71729","GPL20769","Agilent-014850 Whole Human Genome Microarray 4x44K G4112F","primary_tumor",TRUE,FALSE
"GSM1844163","46645-Primary-Pancreas","GSE71729","GPL20769","Agilent-014850 Whole Human Genome Microarray 4x44K G4112F","primary_tumor",TRUE,FALSE
"GSM1844164","46646-Primary-Pancreas","GSE71729","GPL20769","Agilent-014850 Whole Human Genome Microarray 4x44K G4112F","primary_tumor",TRUE,FALSE
"GSM1844165","49390-Primary-Pancreas","GSE71729","GPL20769","Agilent-014850 Whole Human Genome Microarray 4x44K G4112F","primary_tumor",TRUE,FALSE
"GSM1844166","49392-Primary-Pancreas","GSE71729","GPL20769","Agilent-014850 Whole Human Genome Microarray 4x44K G4112F","primary_tumor",TRUE,FALSE
"GSM1844167","64482-Primary-Pancreas","GSE71729","GPL20769","Agilent-014850 Whole Human Genome Microarray 4x44K G4112F","primary_tumor",TRUE,FALSE
"GSM1844168","64500-Primary-Pancreas","GSE71729","GPL20769","Agilent-014850 Whole Human Genome Microarray 4x44K G4112F","primary_tumor",TRUE,FALSE
"GSM1844169","72613-Primary-Pancreas","GSE71729","GPL20769","Agilent-014850 Whole Human Genome Microarray 4x44K G4112F","primary_tumor",TRUE,FALSE
"GSM1844170","64501-Primary-Pancreas","GSE71729","GPL20769","Agilent-014850 Whole Human Genome Microarray 4x44K G4112F","primary_tumor",TRUE,FALSE
"GSM1844171","72616-Primary-Pancreas","GSE71729","GPL20769","Agilent-014850 Whole Human Genome Microarray 4x44K G4112F","primary_tumor",TRUE,FALSE
"GSM1844172","64502-Primary-Pancreas","GSE71729","GPL20769","Agilent-014850 Whole Human Genome Microarray 4x44K G4112F","primary_tumor",TRUE,FALSE
"GSM1844173","64503-Primary-Pancreas","GSE71729","GPL20769","Agilent-014850 Whole Human Genome Microarray 4x44K G4112F","primary_tumor",TRUE,FALSE
"GSM1844174","64504-Primary-Pancreas","GSE71729","GPL20769","Agilent-014850 Whole Human Genome Microarray 4x44K G4112F","primary_tumor",TRUE,FALSE
"GSM1844175","64505-Primary-Pancreas","GSE71729","GPL20769","Agilent-014850 Whole Human Genome Microarray 4x44K G4112F","primary_tumor",TRUE,FALSE
"GSM1844176","64507-Primary-Pancreas","GSE71729","GPL20769","Agilent-014850 Whole Human Genome Microarray 4x44K G4112F","primary_tumor",TRUE,FALSE
"GSM1844177","64508-Primary-Pancreas","GSE71729","GPL20769","Agilent-014850 Whole Human Genome Microarray 4x44K G4112F","primary_tumor",TRUE,FALSE
"GSM1844178","64509-Primary-Pancreas","GSE71729","GPL20769","Agilent-014850 Whole Human Genome Microarray 4x44K G4112F","primary_tumor",TRUE,FALSE
"GSM1844179","64510-Primary-Pancreas","GSE71729","GPL20769","Agilent-014850 Whole Human Genome Microarray 4x44K G4112F","primary_tumor",TRUE,FALSE
"GSM1844180","46647-Primary-Pancreas","GSE71729","GPL20769","Agilent-014850 Whole Human Genome Microarray 4x44K G4112F","primary_tumor",TRUE,FALSE
"GSM1844181","48569-Primary-Pancreas","GSE71729","GPL20769","Agilent-014850 Whole Human Genome Microarray 4x44K G4112F","primary_tumor",TRUE,FALSE
"GSM1844182","64498-Primary-Pancreas","GSE71729","GPL20769","Agilent-014850 Whole Human Genome Microarray 4x44K G4112F","primary_tumor",TRUE,FALSE
"GSM1844183","64490-Primary-Pancreas","GSE71729","GPL20769","Agilent-014850 Whole Human Genome Microarray 4x44K G4112F","primary_tumor",TRUE,FALSE
"GSM1844184","64491-Primary-Pancreas","GSE71729","GPL20769","Agilent-014850 Whole Human Genome Microarray 4x44K G4112F","primary_tumor",TRUE,FALSE
"GSM1844185","64492-Primary-Pancreas","GSE71729","GPL20769","Agilent-014850 Whole Human Genome Microarray 4x44K G4112F","primary_tumor",TRUE,FALSE
"GSM1844186","64494-Primary-Pancreas","GSE71729","GPL20769","Agilent-014850 Whole Human Genome Microarray 4x44K G4112F","primary_tumor",TRUE,FALSE
"GSM1844187","64495-Primary-Pancreas","GSE71729","GPL20769","Agilent-014850 Whole Human Genome Microarray 4x44K G4112F","primary_tumor",TRUE,FALSE
"GSM1844188","56525-Primary-Pancreas","GSE71729","GPL20769","Agilent-014850 Whole Human Genome Microarray 4x44K G4112F","primary_tumor",TRUE,FALSE
"GSM1844189","56527-Primary-Pancreas","GSE71729","GPL20769","Agilent-014850 Whole Human Genome Microarray 4x44K G4112F","primary_tumor",TRUE,FALSE
"GSM1844190","56536-Primary-Pancreas","GSE71729","GPL20769","Agilent-014850 Whole Human Genome Microarray 4x44K G4112F","primary_tumor",TRUE,FALSE
"GSM1844191","56537-Primary-Pancreas","GSE71729","GPL20769","Agilent-014850 Whole Human Genome Microarray 4x44K G4112F","primary_tumor",TRUE,FALSE
"GSM1844192","56538-Primary-Pancreas","GSE71729","GPL20769","Agilent-014850 Whole Human Genome Microarray 4x44K G4112F","primary_tumor",TRUE,FALSE
"GSM1844193","56539-Primary-Pancreas","GSE71729","GPL20769","Agilent-014850 Whole Human Genome Microarray 4x44K G4112F","primary_tumor",TRUE,FALSE
"GSM1844194","56367-Primary-Pancreas","GSE71729","GPL20769","Agilent-014850 Whole Human Genome Microarray 4x44K G4112F","primary_tumor",TRUE,FALSE
"GSM1844195","56369-Primary-Pancreas","GSE71729","GPL20769","Agilent-014850 Whole Human Genome Microarray 4x44K G4112F","primary_tumor",TRUE,FALSE
"GSM1844196","56528-Primary-Pancreas","GSE71729","GPL20769","Agilent-014850 Whole Human Genome Microarray 4x44K G4112F","primary_tumor",TRUE,FALSE
"GSM1844197","56529-Primary-Pancreas","GSE71729","GPL20769","Agilent-014850 Whole Human Genome Microarray 4x44K G4112F","primary_tumor",TRUE,FALSE
"GSM1844198","56530-Primary-Pancreas","GSE71729","GPL20769","Agilent-014850 Whole Human Genome Microarray 4x44K G4112F","primary_tumor",TRUE,FALSE
"GSM1844199","56540-Primary-Pancreas","GSE71729","GPL20769","Agilent-014850 Whole Human Genome Microarray 4x44K G4112F","primary_tumor",TRUE,FALSE
"GSM1844200","56377-Primary-Pancreas","GSE71729","GPL20769","Agilent-014850 Whole Human Genome Microarray 4x44K G4112F","primary_tumor",TRUE,FALSE
"GSM1844201","56373-Primary-Pancreas","GSE71729","GPL20769","Agilent-014850 Whole Human Genome Microarray 4x44K G4112F","primary_tumor",TRUE,FALSE
"GSM1844202","56374-Primary-Pancreas","GSE71729","GPL20769","Agilent-014850 Whole Human Genome Microarray 4x44K G4112F","primary_tumor",TRUE,FALSE
"GSM1844203","56541-Primary-Pancreas","GSE71729","GPL20769","Agilent-014850 Whole Human Genome Microarray 4x44K G4112F","primary_tumor",TRUE,FALSE
"GSM1844204","56542-Primary-Pancreas","GSE71729","GPL20769","Agilent-014850 Whole Human Genome Microarray 4x44K G4112F","primary_tumor",TRUE,FALSE
"GSM1844205","56375-Primary-Pancreas","GSE71729","GPL20769","Agilent-014850 Whole Human Genome Microarray 4x44K G4112F","primary_tumor",TRUE,FALSE
"GSM1844206","56535-Primary-Pancreas","GSE71729","GPL20769","Agilent-014850 Whole Human Genome Microarray 4x44K G4112F","primary_tumor",TRUE,FALSE
"GSM1844207","54175-Primary-Pancreas","GSE71729","GPL20769","Agilent-014850 Whole Human Genome Microarray 4x44K G4112F","primary_tumor",TRUE,FALSE
"GSM1844208","54301-Primary-Pancreas","GSE71729","GPL20769","Agilent-014850 Whole Human Genome Microarray 4x44K G4112F","primary_tumor",TRUE,FALSE
"GSM1844209","54291-Primary-Pancreas","GSE71729","GPL20769","Agilent-014850 Whole Human Genome Microarray 4x44K G4112F","primary_tumor",TRUE,FALSE
"GSM1844210","54302-Primary-Pancreas","GSE71729","GPL20769","Agilent-014850 Whole Human Genome Microarray 4x44K G4112F","primary_tumor",TRUE,FALSE
"GSM1844211","54303-Primary-Pancreas","GSE71729","GPL20769","Agilent-014850 Whole Human Genome Microarray 4x44K G4112F","primary_tumor",TRUE,FALSE
"GSM1844212","54172-Primary-Pancreas","GSE71729","GPL20769","Agilent-014850 Whole Human Genome Microarray 4x44K G4112F","primary_tumor",TRUE,FALSE
"GSM1844213","54304-Primary-Pancreas","GSE71729","GPL20769","Agilent-014850 Whole Human Genome Microarray 4x44K G4112F","primary_tumor",TRUE,FALSE
"GSM1844214","54305-Primary-Pancreas","GSE71729","GPL20769","Agilent-014850 Whole Human Genome Microarray 4x44K G4112F","primary_tumor",TRUE,FALSE
"GSM1844215","54309-Primary-Pancreas","GSE71729","GPL20769","Agilent-014850 Whole Human Genome Microarray 4x44K G4112F","primary_tumor",TRUE,FALSE
"GSM1844216","54306-Primary-Pancreas","GSE71729","GPL20769","Agilent-014850 Whole Human Genome Microarray 4x44K G4112F","primary_tumor",TRUE,FALSE
"GSM1844217","54307-Primary-Pancreas","GSE71729","GPL20769","Agilent-014850 Whole Human Genome Microarray 4x44K G4112F","primary_tumor",TRUE,FALSE
"GSM1844218","54292-Primary-Pancreas","GSE71729","GPL20769","Agilent-014850 Whole Human Genome Microarray 4x44K G4112F","primary_tumor",TRUE,FALSE
"GSM1844219","54243-Primary-Pancreas","GSE71729","GPL20769","Agilent-014850 Whole Human Genome Microarray 4x44K G4112F","primary_tumor",TRUE,FALSE
"GSM1844220","54308-Primary-Pancreas","GSE71729","GPL20769","Agilent-014850 Whole Human Genome Microarray 4x44K G4112F","primary_tumor",TRUE,FALSE
"GSM1844221","54293-Primary-Pancreas","GSE71729","GPL20769","Agilent-014850 Whole Human Genome Microarray 4x44K G4112F","primary_tumor",TRUE,FALSE
"GSM1844222","54310-Primary-Pancreas","GSE71729","GPL20769","Agilent-014850 Whole Human Genome Microarray 4x44K G4112F","primary_tumor",TRUE,FALSE
"GSM1844223","54315-Primary-Pancreas","GSE71729","GPL20769","Agilent-014850 Whole Human Genome Microarray 4x44K G4112F","primary_tumor",TRUE,FALSE
"GSM1844224","54311-Primary-Pancreas","GSE71729","GPL20769","Agilent-014850 Whole Human Genome Microarray 4x44K G4112F","primary_tumor",TRUE,FALSE
"GSM1844225","54312-Primary-Pancreas","GSE71729","GPL20769","Agilent-014850 Whole Human Genome Microarray 4x44K G4112F","primary_tumor",TRUE,FALSE
"GSM1844226","54299-Primary-Pancreas","GSE71729","GPL20769","Agilent-014850 Whole Human Genome Microarray 4x44K G4112F","primary_tumor",TRUE,FALSE
"GSM1844227","54313-Primary-Pancreas","GSE71729","GPL20769","Agilent-014850 Whole Human Genome Microarray 4x44K G4112F","primary_tumor",TRUE,FALSE
"GSM1844228","54314-Primary-Pancreas","GSE71729","GPL20769","Agilent-014850 Whole Human Genome Microarray 4x44K G4112F","primary_tumor",TRUE,FALSE
"GSM1844229","54294-Primary-Pancreas","GSE71729","GPL20769","Agilent-014850 Whole Human Genome Microarray 4x44K G4112F","primary_tumor",TRUE,FALSE
"GSM1844230","54295-Primary-Pancreas","GSE71729","GPL20769","Agilent-014850 Whole Human Genome Microarray 4x44K G4112F","primary_tumor",TRUE,FALSE
"GSM1844231","54173-Primary-Pancreas","GSE71729","GPL20769","Agilent-014850 Whole Human Genome Microarray 4x44K G4112F","primary_tumor",TRUE,FALSE
"GSM1844232","54316-Primary-Pancreas","GSE71729","GPL20769","Agilent-014850 Whole Human Genome Microarray 4x44K G4112F","primary_tumor",TRUE,FALSE
"GSM1844233","54317-Primary-Pancreas","GSE71729","GPL20769","Agilent-014850 Whole Human Genome Microarray 4x44K G4112F","primary_tumor",TRUE,FALSE
"GSM1844234","54297-Primary-Pancreas","GSE71729","GPL20769","Agilent-014850 Whole Human Genome Microarray 4x44K G4112F","primary_tumor",TRUE,FALSE
"GSM1844235","54300-Primary-Pancreas","GSE71729","GPL20769","Agilent-014850 Whole Human Genome Microarray 4x44K G4112F","primary_tumor",TRUE,FALSE
"GSM1844236","54318-Primary-Pancreas","GSE71729","GPL20769","Agilent-014850 Whole Human Genome Microarray 4x44K G4112F","primary_tumor",TRUE,FALSE
"GSM1844237","54296-Primary-Pancreas","GSE71729","GPL20769","Agilent-014850 Whole Human Genome Microarray 4x44K G4112F","primary_tumor",TRUE,FALSE
"GSM1844238","54174-Primary-Pancreas","GSE71729","GPL20769","Agilent-014850 Whole Human Genome Microarray 4x44K G4112F","primary_tumor",TRUE,FALSE
"GSM1844239","54298-Primary-Pancreas","GSE71729","GPL20769","Agilent-014850 Whole Human Genome Microarray 4x44K G4112F","primary_tumor",TRUE,FALSE
"GSM1844240","54171-Primary-Pancreas","GSE71729","GPL20769","Agilent-014850 Whole Human Genome Microarray 4x44K G4112F","primary_tumor",TRUE,FALSE
"GSM1844241","64496-Primary-Pancreas","GSE71729","GPL20769","Agilent-014850 Whole Human Genome Microarray 4x44K G4112F","primary_tumor",TRUE,FALSE
"GSM1844242","56322-Primary-Pancreas","GSE71729","GPL20769","Agilent-014850 Whole Human Genome Microarray 4x44K G4112F","primary_tumor",TRUE,FALSE
"GSM1844243","56326-Primary-Pancreas","GSE71729","GPL20769","Agilent-014850 Whole Human Genome Microarray 4x44K G4112F","primary_tumor",TRUE,FALSE
"GSM1844244","56534-Primary-Pancreas","GSE71729","GPL20769","Agilent-014850 Whole Human Genome Microarray 4x44K G4112F","primary_tumor",TRUE,FALSE
"GSM1844245","56531-Primary-Pancreas","GSE71729","GPL20769","Agilent-014850 Whole Human Genome Microarray 4x44K G4112F","primary_tumor",TRUE,FALSE
"GSM1844246","56523-Primary-Pancreas","GSE71729","GPL20769","Agilent-014850 Whole Human Genome Microarray 4x44K G4112F","primary_tumor",TRUE,FALSE
"GSM1844247","56316-Primary-Pancreas","GSE71729","GPL20769","Agilent-014850 Whole Human Genome Microarray 4x44K G4112F","primary_tumor",TRUE,FALSE
"GSM1844248","56320-Primary-Pancreas","GSE71729","GPL20769","Agilent-014850 Whole Human Genome Microarray 4x44K G4112F","primary_tumor",TRUE,FALSE
"GSM1844249","64497-Primary-Pancreas","GSE71729","GPL20769","Agilent-014850 Whole Human Genome Microarray 4x44K G4112F","primary_tumor",TRUE,FALSE
"GSM1844250","54279-SW1990-CellLine","GSE71729","GPL20769","Agilent-014850 Whole Human Genome Microarray 4x44K G4112F","cell_line",FALSE,FALSE
"GSM1844251","54025-T3M4-CellLine","GSE71729","GPL20769","Agilent-014850 Whole Human Genome Microarray 4x44K G4112F","cell_line",FALSE,FALSE
